,city,country,lat,lon,temp,humidity,wind_speed,cloudiness
0,Mackay,CA,53.65,-115.58,26.6,100,10.29,90
1,Gamba,CN,28.28,88.52,38.09,27,5.84,8
2,Ushuaia,AR,-54.81,-68.31,35.6,93,12.75,90
3,Bluff,AU,-23.58,149.07,81.2,42,3.27,24
4,Port Alfred,ZA,-33.59,26.89,78.86,68,9.13,0
5,Butaritari,KI,3.07,172.79,84.8,100,4.38,0
6,Castro,CL,-42.48,-73.76,43.04,91,11.25,76
7,Ancud,CL,-41.87,-73.83,43.94,80,10.76,48
8,Westport,IE,53.8,-9.52,55.4,100,19.46,90
9,Cherskiy,RU,68.75,161.3,23.51,92,4.05,8
10,Tuktoyaktuk,CA,69.44,-133.03,17.57,99,9.86,20
11,Farsund,NO,58.09,6.8,53.84,100,18.81,92
12,Port Elizabeth,US,39.31,-74.98,70.61,97,4.7,75
13,Nikolskoye,RU,59.7,30.79,50.0,76,17.9,75
14,Jamestown,AU,-33.21,138.6,56.99,70,12.88,64
15,Santiago,CL,-33.44,-70.65,51.8,81,3.36,75
16,Yevlax,AZ,40.61,47.15,70.49,56,4.05,0
17,Khatanga,RU,71.98,102.47,35.57,98,15.84,92
18,Qaanaaq,GL,77.48,-69.36,20.72,100,9.35,80
19,Constitucion,MX,23.99,-104.67,44.66,93,6.29,0
20,Nishihara,JP,35.74,139.53,73.49,67,4.7,75
21,Vila Velha,BR,-3.71,-38.6,78.8,74,11.41,20
22,Kshenskiy,RU,51.85,37.72,55.1,67,7.34,88
23,Hobart,AU,-42.88,147.33,46.4,52,17.22,40
24,Hermanus,ZA,-34.42,19.24,72.56,53,3.09,0
25,Bredasdorp,ZA,-34.53,20.04,66.2,68,20.8,20
26,Albany,US,42.65,-73.75,60.85,86,6.93,90
27,Alice Springs,AU,-23.7,133.88,71.6,60,9.17,68
28,Puerto Ayora,EC,-0.74,-90.35,68.87,100,10.76,56
29,Andijan,UZ,40.76,72.37,50.0,81,6.93,75
30,Ahipara,NZ,-35.17,173.16,51.32,99,5.06,8
31,Lebu,ET,8.96,38.73,71.6,40,16.11,75
32,Carnarvon,ZA,-30.97,22.13,88.22,10,8.34,8
33,Tasiilaq,GL,65.61,-37.64,30.2,86,8.05,88
34,Amalapuram,IN,16.58,82.0,94.07,49,10.31,56
35,Ribeira Grande,PT,38.52,-28.7,71.6,78,12.75,20
36,Ilulissat,GL,69.22,-51.1,23.0,53,3.36,64
37,Codrington,AU,-28.95,153.24,66.17,77,4.72,0
38,Vila do Maio,CV,15.13,-23.22,78.8,88,6.93,40
39,Point Fortin,TT,10.16,-61.68,78.8,94,4.7,0
40,Baoshan,CN,31.41,121.49,72.54,60,6.71,0
41,Punta Arenas,CL,-53.16,-70.91,35.6,69,13.87,40
42,Kavieng,PG,-2.57,150.8,83.45,100,2.04,12
43,San Quintin,PH,17.54,120.52,86.0,66,2.24,20
44,Kapaa,US,22.08,-159.32,76.93,79,10.29,20
45,East London,ZA,-33.02,27.91,77.0,65,9.17,0
46,Tiksi,RU,71.64,128.87,29.27,91,7.56,0
47,Rock Sound,BS,24.9,-76.2,83.45,99,12.15,88
48,Maceio,BR,-9.67,-35.74,69.8,94,2.24,20
49,Snezhnogorsk,RU,69.19,33.23,39.2,69,8.95,75
50,Saint-Pierre,FR,48.95,4.24,57.54,87,6.93,0
51,Talnakh,RU,69.49,88.39,34.67,94,7.9,88
52,Ponta do Sol,BR,-20.63,-46.0,62.66,84,2.98,64
53,Longyearbyen,NO,78.22,15.63,21.2,79,5.82,75
54,Soligalich,RU,59.08,42.29,42.77,76,14.16,12
55,Hilo,US,19.71,-155.08,65.46,93,10.29,90
56,Busselton,AU,-33.64,115.35,71.12,78,9.91,12
57,Victoria,BN,5.28,115.24,87.8,74,5.82,75
58,Moranbah,AU,-22.0,148.04,84.08,39,2.75,56
59,New Norfolk,AU,-42.78,147.06,46.4,52,17.22,40
60,Parker,US,39.52,-104.76,36.7,96,8.05,90
61,Khudumelapye,BW,-23.91,24.95,78.77,31,12.66,0
62,Mataura,NZ,-46.19,168.86,52.85,62,19.64,24
63,Dudinka,RU,69.41,86.18,36.38,94,10.54,80
64,Oussouye,SN,12.49,-16.54,79.68,94,2.24,20
65,Haverfordwest,GB,51.8,-4.97,57.2,76,20.8,75
66,Santa Maria,BR,-29.69,-53.81,67.79,95,8.86,20
67,Mecca,SA,21.43,39.83,99.47,31,5.77,0
68,Kamenka,RU,53.19,44.05,44.84,89,6.51,92
69,Hua Hin,TH,12.57,99.96,87.8,66,5.82,20
70,Tepetzintla,MX,21.16,-97.85,72.47,98,3.38,68
71,Saint-Philippe,CA,45.36,-73.48,51.28,100,3.6,90
72,Honningsvag,NO,70.98,25.97,41.0,75,17.22,40
73,Airai,TL,-8.93,125.41,83.36,33,1.74,0
74,Guerrero Negro,MX,27.97,-114.04,59.87,100,6.4,0
75,Jedrzejow,PL,50.64,20.3,56.0,74,4.5,12
76,Cape Town,ZA,-33.93,18.42,66.2,68,9.17,40
77,Rikitea,PF,-23.12,-134.97,72.92,100,14.34,48
78,Yellowknife,CA,62.45,-114.38,19.4,92,2.24,5
79,Ambilobe,MG,-13.19,49.05,91.1,36,15.39,0
80,Vardo,US,39.62,-77.74,69.62,96,4.54,90
81,Aklavik,CA,68.22,-135.01,21.2,79,2.24,5
82,Dikson,RU,73.51,80.55,38.45,94,17.92,64
83,Inuvik,CA,68.36,-133.71,21.2,79,2.24,5
84,Anadyr,RU,64.73,177.51,44.6,75,13.42,75
85,Atuona,PF,-9.8,-139.03,80.66,99,18.81,8
86,Isangel,VU,-19.55,169.27,76.43,97,10.25,44
87,Barrow,AR,-38.31,-60.23,46.82,80,15.57,0
88,Victoria,BN,5.28,115.24,87.8,74,5.82,75
89,Kumluca,TR,36.37,30.29,69.41,36,2.08,0
90,Izamal,MX,20.93,-89.02,73.4,94,4.7,5
91,Ekhabi,RU,53.51,142.97,45.65,96,6.4,88
92,Guarapari,BR,-20.67,-40.5,75.2,83,12.75,40
93,Georgetown,GY,6.8,-58.16,73.4,100,2.24,0
94,Kloulklubed,PW,7.04,134.26,86.0,66,6.89,75
95,Margate,AU,-43.03,147.26,46.4,52,17.22,40
96,Khandyga,RU,62.65,135.58,23.6,82,2.71,48
97,Faanui,PF,-16.48,-151.75,81.02,96,0.69,44
98,Kushima,JP,31.5,131.29,77.0,78,8.05,75
99,Auki,NG,12.18,6.51,85.7,75,8.41,8
100,Upernavik,GL,72.79,-56.15,26.66,100,6.4,48
101,High Level,CA,58.52,-117.13,19.4,67,4.88,1
102,Rochegda,RU,62.67,43.41,39.98,86,11.36,92
103,Saskylakh,RU,71.97,114.09,37.82,91,11.65,0
104,Arraial do Cabo,BR,-22.97,-42.02,71.6,88,17.22,75
105,Kodiak,US,39.95,-94.76,64.04,100,6.93,90
106,Severobaykalsk,RU,55.65,109.32,43.22,81,1.48,32
107,Honiara,SB,-9.43,159.96,78.8,88,5.82,40
108,Port Macquarie,AU,-31.43,152.91,66.2,93,3.27,90
109,Colares,PT,38.8,-9.45,64.83,37,13.87,0
110,Tuatapere,NZ,-46.13,167.69,51.95,87,22.1,24
111,Jishou,CN,28.26,109.7,60.86,96,6.55,80
112,Angol,CL,-37.8,-72.71,40.97,99,2.86,32
113,Paamiut,GL,61.99,-49.67,32.87,100,3.53,88
114,Victoria Point,AU,-27.58,153.3,68.65,94,11.41,75
115,Ixtlahuacan del Rio,MX,20.87,-103.25,57.2,93,2.19,40
116,Peniche,PT,39.36,-9.38,66.2,37,13.87,0
117,Dingle,PH,11.0,122.67,91.4,66,13.87,20
118,Cidreira,BR,-30.17,-50.22,64.55,91,2.59,0
119,Vaini,IN,15.34,74.49,74.0,100,3.83,64
120,Arman,RU,59.7,150.17,35.6,59,4.47,40
121,Willowmore,ZA,-33.3,23.49,89.57,24,1.03,0
122,Susangerd,IR,31.56,48.19,104.0,21,2.24,0
123,Santa Fe,AR,-31.62,-60.7,65.0,95,12.26,0
124,Ozernovskiy,RU,51.5,156.52,42.14,95,3.04,88
125,Hesperia,US,34.43,-117.3,56.62,73,1.07,1
126,Bang Saphan,TH,11.21,99.51,89.6,66,8.05,20
127,Hit,IQ,33.64,42.83,86.42,33,9.53,92
128,Bambous Virieux,MU,-20.34,57.76,78.8,69,18.34,75
129,Mount Isa,AU,-20.73,139.49,93.2,12,5.82,44
130,Yulara,AU,-25.24,130.99,89.6,21,8.05,8
131,Pevek,RU,69.7,170.27,33.86,100,5.55,44
132,Namibe,AO,-15.19,12.15,69.14,100,4.32,32
133,Vysokogornyy,RU,50.1,139.13,35.66,79,5.28,36
134,Tual,ID,-5.67,132.75,84.26,95,8.9,0
135,Lixourion,GR,38.2,20.43,74.19,64,1.59,20
136,Rome,IT,41.89,12.48,69.28,77,4.7,0
137,Whitianga,NZ,-36.83,175.7,58.34,100,13.11,0
138,Batemans Bay,AU,-35.71,150.18,57.17,100,4.09,92
139,Rocha,UY,-34.48,-54.34,59.87,96,3.09,8
140,Nanortalik,GL,60.14,-45.24,32.24,100,13.67,8
141,Rio Gallegos,AR,-51.62,-69.22,33.8,86,16.11,0
142,Qeshm,IR,26.96,56.27,100.74,16,6.93,0
143,Paithan,IN,19.48,75.39,93.2,36,8.05,40
144,Deputatskiy,RU,69.3,139.9,14.69,84,2.82,64
145,Chernyshevskiy,RU,63.01,112.47,42.5,60,9.24,20
146,Havoysund,NO,71.0,24.66,41.92,75,17.22,40
147,Beringovskiy,RU,63.05,179.32,45.56,99,24.11,92
148,Bethel,US,60.79,-161.76,46.04,79,8.05,90
149,Clyde River,CA,70.47,-68.59,24.8,92,13.87,90
150,Dolinsk,RU,47.32,142.8,42.8,87,2.24,0
151,Eureka,US,40.8,-124.16,53.78,100,3.36,90
152,Klaksvik,FO,62.23,-6.59,44.6,93,5.82,88
153,Cayenne,GF,4.94,-52.33,69.8,100,7.07,0
154,Madison,US,43.07,-89.38,68.43,78,4.7,90
155,San Matias,HN,13.97,-86.63,66.2,93,2.24,75
156,Kulhudhuffushi,MV,6.62,73.07,76.7,100,5.32,88
157,Lubana,CD,0.23,29.1,72.02,93,1.52,48
158,Oriximina,BR,-1.77,-55.87,78.95,77,4.83,0
159,Yueyang,CN,29.36,113.12,64.73,96,3.2,92
160,Karasjok,NO,69.47,25.52,41.0,60,24.16,0
161,Aswan,EG,24.09,32.9,89.6,22,11.41,0
162,Englehart,CA,47.82,-79.87,48.2,100,2.75,90
163,Ganzhou,CN,25.86,114.93,78.32,53,8.79,64
164,Chiang Rai,TH,19.9,99.84,87.8,62,5.82,40
165,Vao,EE,59.1,26.19,52.04,95,13.78,92
166,Atar,MR,20.52,-13.05,100.4,21,9.17,0
167,Torbay,CA,47.66,-52.73,35.67,100,8.05,90
168,Santa Lucia,IT,39.93,9.66,68.0,82,3.6,40
169,Kastamonu,TR,41.38,33.78,60.8,55,3.36,0
170,Port Blair,IN,11.67,92.75,82.64,100,19.15,32
171,Mayo,CA,63.59,-135.9,8.6,84,2.98,5
172,Hovd,NO,63.83,10.7,45.61,87,2.24,75
173,Bilibino,RU,68.06,166.44,21.44,92,2.48,20
174,Los Chiles,CR,11.04,-84.71,71.21,100,2.08,32
175,Cap-aux-Meules,CA,47.38,-61.86,46.4,81,4.7,75
176,Arandis,NA,-22.42,14.98,77.24,76,2.75,0
177,Lorengau,PG,-2.02,147.27,81.74,100,5.06,64
178,Antofagasta,CL,-23.65,-70.4,59.0,77,11.41,90
179,Mahanoro,MG,-19.9,48.8,70.22,99,3.53,92
180,Shimoda,JP,34.7,138.93,74.18,98,8.08,8
181,Hithadhoo,MV,-0.6,73.08,84.17,99,16.17,68
182,Labuhan,ID,-2.54,115.51,87.95,53,3.27,48
183,Hof,DE,50.32,11.92,51.31,82,3.36,24
184,Darnah,LY,32.77,22.64,73.1,100,11.32,0
185,Avarua,CK,-21.21,-159.78,71.6,83,1.12,75
186,Poum,MK,41.28,20.71,60.8,77,6.93,20
187,Kruisfontein,ZA,-34.0,24.73,73.73,83,10.65,0
188,Kanniyakumari,IN,8.08,77.57,82.64,99,16.17,44
189,Lompoc,US,34.64,-120.46,57.13,93,6.93,1
190,Severo-Kurilsk,RU,50.68,156.12,44.21,100,7.52,92
191,Trairi,BR,-3.28,-39.27,79.58,99,26.42,8
192,Saldanha,PT,41.42,-6.55,51.95,74,4.99,0
193,Sao Felix do Xingu,BR,-6.64,-51.99,74.45,97,2.04,8
194,Sioux Lookout,CA,50.1,-91.92,35.6,93,3.36,90
195,Baruun-Urt,MN,46.68,113.28,38.9,53,14.34,80
196,Baft,IR,29.23,56.61,70.04,26,7.34,0
197,Katherine,AU,-14.47,132.26,96.8,16,4.7,0
198,Hervey Bay,AU,-25.3,152.85,72.47,92,8.08,80
199,Doka,SD,13.52,35.76,94.16,50,4.27,0
200,Lata,IN,30.78,78.62,62.57,66,1.86,12
201,Provideniya,RU,64.42,-173.23,45.65,100,28.7,92
202,Rottingdean,GB,50.8,-0.06,58.95,82,10.29,20
203,Awbari,LY,26.59,12.77,85.34,25,14.05,36
204,Dhangadhi,NP,28.7,80.57,84.35,68,3.27,0
205,Acapulco,MX,16.86,-99.88,75.2,100,5.82,90
206,Qasigiannguit,GL,68.82,-51.19,23.0,53,3.36,64
207,Moskhaton,GR,37.95,23.67,71.6,53,11.41,40
208,Kachug,RU,53.96,105.89,45.47,48,5.77,20
209,Keti Bandar,PK,24.14,67.45,84.62,90,9.86,32
210,Sistranda,NO,63.73,8.83,48.2,81,4.7,75
211,Visnes,NO,59.36,5.22,54.79,87,26.4,75
212,Shuiji,CN,27.42,118.34,73.46,61,4.38,92
213,Ferrol,ES,43.48,-8.23,59.18,76,5.82,0
214,Bara,NG,10.41,10.6,86.6,61,6.55,36
215,Orlik,RU,52.51,99.83,38.63,79,2.04,80
216,Inverkeithing,GB,56.03,-3.4,57.18,87,26.4,20
217,Staritsa,RU,56.51,34.93,45.65,75,11.81,56
218,Chapada dos Guimaraes,BR,-15.46,-55.75,77.0,83,8.05,0
219,Hay River,CA,60.82,-115.79,17.6,72,6.93,5
220,Broome,GB,52.47,1.45,56.77,82,14.99,0
221,Port Hedland,AU,-20.31,118.58,91.4,29,19.46,24
222,Iqaluit,CA,63.75,-68.52,24.8,79,6.93,90
223,Carnot,CF,4.94,15.87,80.66,81,6.89,12
224,Pisco,PE,-13.71,-76.2,66.2,88,2.24,90
225,Takoradi,GH,4.89,-1.75,77.51,97,6.11,76
226,Adrar,DZ,27.87,-0.29,84.2,18,16.11,0
227,Nuuk,GL,64.17,-51.74,30.2,86,5.82,75
228,Chapais,CA,49.78,-74.86,37.4,100,4.7,90
229,Pompeia,BR,-22.11,-50.17,68.0,94,9.17,20
230,Coquimbo,CL,-29.95,-71.34,55.55,100,9.53,88
231,Hamilton,BM,32.3,-64.78,73.4,88,11.41,75
232,Kahului,US,20.89,-156.47,76.03,67,13.87,40
233,Bonavista,CA,48.65,-53.11,40.07,100,14.67,20
234,Mar del Plata,AR,-46.43,-67.52,41.51,66,17.29,0
235,Tyukhtet,RU,56.54,89.31,54.74,46,11.92,64
236,Jiayuguan,CN,39.77,98.29,50.78,23,7.07,0
237,Buala,SB,-8.15,159.59,81.74,94,5.1,76
238,Loanda,BR,-22.93,-53.14,70.58,96,10.09,12
239,Keflavik,IS,64.0,-22.56,35.6,93,8.05,75
240,Savannah Bight,HN,16.45,-85.85,83.0,99,7.52,12
241,Kushiro,JP,43.11,144.15,57.2,93,6.93,75
242,Banganapalle,IN,15.32,78.23,94.97,39,7.85,48
243,Fairbanks,US,64.84,-147.72,21.26,66,5.99,0
244,Mnogovershinnyy,RU,53.94,139.92,43.4,100,0.25,92
245,Coihaique,CL,-45.58,-72.07,34.54,59,1.12,75
246,Saint George,GR,39.45,22.34,69.8,56,2.24,75
247,Praia da Vitoria,PT,38.73,-27.07,69.8,83,22.84,40
248,Galveston,US,40.58,-86.19,70.86,88,4.7,1
249,Chokurdakh,RU,70.62,147.9,16.49,83,7.34,0
250,Abha,SA,18.22,42.5,76.15,15,8.05,0
251,Ligayan,PH,4.65,119.47,87.5,96,7.23,0
252,Bubaque,GW,11.28,-15.83,80.6,83,3.36,20
253,Ostrovnoy,RU,68.05,39.51,37.82,94,20.2,24
254,Sitka,US,37.17,-99.65,52.67,100,14.56,92
255,Assiniboia,CA,49.63,-105.99,30.62,92,8.9,92
256,Biak,ID,-0.91,122.88,82.28,82,5.61,0
257,Raudeberg,NO,61.99,5.14,47.57,93,16.11,75
258,Ust-Nera,RU,64.57,143.24,13.52,83,2.04,44
259,Kasongo-Lunda,CD,-6.48,16.82,78.05,83,2.98,8
260,Port Lincoln,AU,-34.72,135.86,56.72,94,19.6,92
261,Inta,RU,66.04,60.13,38.36,87,5.55,0
262,Walvis Bay,NA,-22.95,14.51,59.0,87,3.36,75
263,Hofn,IS,64.25,-15.21,38.54,100,6.85,92
264,Necochea,AR,-38.55,-58.74,50.06,88,16.96,0
265,Utete,TZ,-7.99,38.76,84.44,56,7.07,92
266,Port Augusta,AU,-32.49,137.76,57.2,87,23.04,90
267,Hami,CN,42.84,93.51,71.57,36,5.28,0
268,Jimenez,PA,8.54,-82.37,73.01,100,3.98,76
269,Vila Franca do Campo,PT,37.72,-25.43,69.8,77,9.17,40
270,Boyolangu,ID,-8.09,111.9,85.79,46,9.24,32
271,Yar-Sale,RU,66.83,70.83,39.71,100,4.88,0
272,Batesville,US,35.77,-91.64,71.06,86,5.82,20
273,Itoman,JP,26.12,127.67,78.39,74,6.93,1
274,Bitkine,TD,11.98,18.21,92.36,63,2.3,0
275,Tibati,CM,6.47,12.63,75.62,91,3.76,68
276,Luwuk,ID,-0.95,122.79,82.28,82,5.61,0
277,Santa Cruz,US,36.97,-122.03,58.48,93,2.3,90
278,Denpasar,ID,-8.65,115.22,84.2,70,10.29,20
279,Macae,BR,-22.37,-41.79,71.6,88,17.22,75
280,Asyut,EG,27.18,31.19,77.0,50,9.17,0
281,Shenzhen,CN,22.54,114.05,81.81,69,8.05,20
282,Gorontalo,ID,0.54,123.06,82.01,76,2.19,24
283,Sao Joao da Barra,BR,-21.64,-41.05,74.81,97,24.45,0
284,Gornyy,RU,51.76,48.54,63.74,61,5.06,68
285,La Rioja,AR,-29.41,-66.86,58.34,73,2.08,0
286,Buraydah,SA,26.33,43.97,95.0,19,11.41,0
287,Mehamn,NO,71.03,27.85,41.0,89,16.11,0
288,San-Pedro,CI,4.75,-6.64,70.85,100,2.37,92
289,Sawakin,SD,19.1,37.33,93.2,56,3.36,40
290,Ugoofaaru,MV,5.67,73.0,81.2,100,14.56,76
291,Yagodnoye,RU,62.52,149.63,18.92,88,2.37,68
292,Ntcheu,MW,-14.82,34.64,77.24,51,7.29,0
293,Southbridge,US,42.08,-72.03,59.68,100,5.06,90
294,Las Cruces,CL,-33.5,-71.62,48.97,93,3.36,40
295,Ewa Beach,US,21.32,-158.01,76.08,79,4.7,1
296,Erzin,TR,36.95,36.2,77.92,65,4.7,75
297,Quatre Cocos,MU,-20.21,57.76,78.8,69,18.34,75
298,Motygino,RU,58.18,94.69,47.54,53,5.28,48
299,Vestmannaeyjar,IS,63.44,-20.27,41.0,86,16.11,75
300,Abonnema,NG,4.71,6.79,78.05,97,4.88,80
301,Erenhot,CN,43.65,111.97,42.68,35,14.83,76
302,Opuwo,NA,-18.06,13.84,88.49,14,10.58,0
303,Mukono,UG,0.37,32.73,75.08,100,6.85,20
304,Cockburn Town,TC,21.46,-71.14,79.04,100,18.3,80
305,Sao Sepe,BR,-30.16,-53.57,68.24,90,4.88,80
306,Bitung,ID,1.44,125.19,86.0,62,4.7,20
307,Bambanglipuro,ID,-7.95,110.28,85.25,55,10.09,20
308,Ketchikan,US,55.34,-131.65,48.6,79,8.05,1
309,Belmonte,PT,40.36,-7.35,55.19,59,3.98,0
310,Cabo San Lucas,MX,22.89,-109.91,77.42,100,15.35,8
311,Thompson,CA,55.74,-97.86,24.8,79,4.7,40
312,Puerto Carreno,CO,6.19,-67.49,68.6,97,3.71,44
313,Blackwater,GB,51.33,-0.78,56.93,82,5.82,0
314,Kautokeino,NO,69.01,23.04,35.93,82,11.32,48
315,Yatou,CM,3.63,9.81,77.0,94,4.7,75
316,Kurmanayevka,RU,52.51,52.07,60.23,60,4.54,76
317,Nizhniy Kuranakh,RU,58.84,125.49,30.71,74,4.21,92
318,Lavrentiya,RU,65.58,-170.99,45.11,94,18.14,88
319,Narayanganj,BD,23.62,90.5,91.4,52,6.93,40
320,Saltillo,MX,25.42,-100.99,44.21,82,2.86,0
321,Romny,UA,50.74,33.49,52.49,85,7.07,8
322,Te Anau,NZ,-45.41,167.72,46.01,78,14.27,44
323,Padang,ID,-0.92,100.36,78.77,100,15.79,88
324,Batagay-Alyta,RU,67.8,130.41,17.03,92,2.82,92
325,Abnub,EG,27.27,31.15,77.0,50,9.17,0
326,Esperance,TT,10.24,-61.45,78.8,94,4.7,0
327,Tazovskiy,RU,67.47,78.7,38.36,83,4.83,68
328,Katangli,RU,51.71,143.23,49.07,90,9.57,12
329,Hambantota,LK,6.12,81.12,81.83,99,14.67,68
330,Portland,US,45.52,-122.67,57.65,89,8.05,90
331,Ulladulla,AU,-35.36,150.48,66.2,77,10.29,0
332,Katsuura,JP,33.93,134.5,71.6,68,6.93,40
333,Coro,VE,11.41,-69.67,76.07,100,5.77,12
334,Fortuna,ES,38.18,-1.13,64.47,87,2.24,40
335,Morehead,US,38.18,-83.43,71.06,78,4.7,1
336,Chuy,UY,-33.69,-53.46,63.02,96,5.21,44
337,Micheweni,TZ,-4.97,39.83,79.85,96,13.33,32
338,Ciudad Bolivar,VE,8.12,-63.55,78.41,81,8.41,0
339,Brae,GB,60.4,-1.35,50.0,100,6.29,75
340,Kita,JP,35.76,139.74,72.68,67,4.7,75
341,Kalianget,ID,-7.74,113.68,83.72,77,5.61,56
342,Bandarbeyla,SO,9.49,50.81,80.3,86,17.07,0
343,Norman Wells,CA,65.28,-126.83,26.6,86,4.09,90
344,Tongliao,CN,43.61,122.27,48.53,33,4.09,0
345,Tigil,RU,57.8,158.67,37.82,82,3.09,88
346,Povenets,RU,62.85,34.83,47.63,97,9.75,88
347,Cassilandia,BR,-19.11,-51.73,66.44,86,5.77,0
348,Along,IN,28.17,94.8,76.25,50,1.86,0
349,Lagoa,PT,37.14,-8.45,68.0,68,4.7,75
350,Buarcos,PT,40.16,-8.88,68.0,42,8.05,0
351,Bilma,NE,18.69,12.92,98.21,14,13.78,0
352,Palencia,ES,42.01,-4.53,50.0,76,4.7,0
353,Xiangxiang,CN,27.73,112.52,63.38,100,8.3,92
354,Zhengjiatun,CN,43.51,123.51,48.62,33,3.09,12
355,Smyshlyayevka,RU,53.75,47.73,46.91,73,4.32,56
356,Pundaguitan,PH,6.37,126.17,85.79,94,8.86,12
357,Talas,TR,38.69,35.55,68.0,49,12.75,75
358,Rio Grande,BR,-32.03,-52.1,65.99,93,6.78,20
359,Biskamzha,RU,53.45,89.53,49.16,53,2.82,0
360,Kaitangata,NZ,-46.28,169.85,54.2,50,18.81,68
361,Nome,US,30.04,-94.42,75.85,88,6.93,90
362,Santa Isabel do Rio Negro,BR,-0.41,-65.02,75.98,91,2.37,36
363,Rognan,NO,67.1,15.4,44.6,93,21.92,75
364,San Cristobal,EC,-0.39,-78.55,51.8,87,2.24,75
365,Methven,NZ,-43.63,171.65,49.25,57,6.85,0
366,Banjar,ID,-7.37,108.54,85.07,50,7.85,48
367,Muravlenko,RU,63.79,74.5,37.91,92,17.81,92
368,Udpura,IN,24.73,75.99,96.14,34,4.21,0
369,Burnie,AU,-41.05,145.91,55.82,94,18.3,0
370,Porto Novo,BR,-23.68,-45.44,68.0,100,2.24,75
371,Tateyama,JP,36.66,137.31,69.8,73,11.41,75
372,Natal,BR,-5.81,-35.21,73.4,83,8.05,40
373,Cap Malheureux,MU,-19.98,57.61,78.8,69,18.34,75
374,Astana,KZ,51.13,71.43,62.6,42,17.9,0
375,Simao,CN,22.76,100.79,63.65,98,2.26,68
376,Alofi,NU,-19.06,-169.92,71.6,100,9.17,64
377,Gubkinskiy,RU,64.43,76.5,40.25,82,13.44,88
378,Souillac,FR,45.6,-0.6,61.79,82,5.82,0
379,Gat,SN,14.69,-16.54,83.9,81,8.08,0
380,Pulandian,CN,39.4,121.96,53.6,58,13.42,40
381,Mitzic,GA,0.78,11.55,79.94,84,2.98,32
382,Zhuanghe,CN,39.7,122.97,52.94,100,15.9,68
383,Tiznit,MA,29.7,-9.73,69.05,96,5.55,0
384,Ucluelet,CA,48.94,-125.55,48.6,100,1.39,80
385,Bestobe,KZ,52.5,73.1,65.18,37,20.94,0
386,Cascais,PT,38.7,-9.42,64.85,37,13.87,0
387,Tilichiki,RU,60.47,166.1,38.09,82,7.78,0
388,Aasiaat,GL,68.71,-52.87,29.81,100,11.03,64
389,Vershino-Darasunskiy,RU,52.35,115.52,40.88,49,6.89,0
390,Sungaipenuh,ID,-2.08,101.38,73.55,81,1.03,76
391,Uvalde,US,29.21,-99.79,75.9,95,11.41,90
392,Mbini,GQ,1.58,9.62,75.2,100,7.56,40
393,Komsomolskiy,RU,67.55,63.78,37.1,100,10.87,88
394,Hibbing,US,47.43,-92.94,38.73,93,6.93,90
395,Herat,AF,34.35,62.22,60.8,18,9.17,0
396,Meulaboh,ID,4.14,96.13,80.12,100,3.09,48
397,Szczytno,PL,53.57,20.99,52.58,77,8.63,8
398,Mehran,IR,33.12,46.17,84.2,26,4.7,40
399,Japura,ID,-0.42,102.29,81.47,81,2.3,92
400,Lima,PE,-12.06,-77.04,51.32,78,2.04,8
401,Mildura,AU,-34.18,142.16,68.24,56,12.88,88
402,Lusambo,CD,-4.97,23.44,78.32,83,2.86,88
403,The Valley,AI,18.22,-63.06,82.4,78,9.17,40
404,Kavaratti,IN,10.57,72.64,83.72,100,7.78,48
405,Talin,AM,40.38,43.87,63.91,47,3.36,75
406,Tautira,PF,-17.73,-149.15,78.8,74,4.7,20
407,Holesov,CZ,49.33,17.58,56.01,76,5.82,8
408,Ritchie,ZA,-29.03,24.6,86.0,13,11.41,0
409,Sangar,RU,63.92,127.47,29.18,82,2.59,88
410,Pampa,US,35.54,-100.96,61.23,95,6.93,90
411,Sekoma,BW,-24.51,23.93,80.21,26,16.06,44
412,Luanda,AO,-8.83,13.24,78.8,74,6.93,20
413,Flin Flon,CA,54.77,-101.88,25.4,100,6.4,0
414,Rawson,AR,-43.3,-65.11,47.72,30,21.39,0
415,Fatezh,RU,52.09,35.86,50.0,81,8.95,90
416,Padilla,CO,3.23,-76.31,66.2,93,2.24,75
417,Mezen,RU,65.85,44.24,37.37,86,10.76,92
418,Kontagora,NG,10.4,5.47,81.29,88,5.5,44
419,Winnemucca,US,40.97,-117.74,51.08,73,2.26,90
420,Mangai,CD,-4.07,19.59,80.93,78,2.86,20
421,Broken Hill,AU,-31.97,141.45,68.6,45,12.03,0
422,Vostok,RU,46.45,135.83,42.77,53,5.73,92
423,Bintulu,MY,3.17,113.03,86.0,79,8.05,75
424,Ossora,RU,59.24,163.07,39.8,99,13.56,8
425,Jaisalmer,IN,26.91,70.91,97.85,30,6.22,0
426,Aden,YE,12.79,45.03,82.64,95,5.1,0
427,Sergeyevka,KZ,53.88,67.42,59.42,52,21.43,0
428,Washington DC.,US,38.9,-77.04,70.84,87,4.54,90
429,Shingu,JP,33.72,135.99,73.4,78,5.82,20
430,La Ronge,CA,55.1,-105.3,14.0,92,4.7,5
431,Lobito,AO,-12.35,13.55,77.0,69,3.76,90
432,Udachnyy,RU,66.42,112.4,41.33,74,4.83,48
433,Freeport,BS,26.54,-78.7,80.48,100,18.7,88
434,Vanimo,PG,-2.67,141.3,85.25,100,9.08,8
435,Kondoa,TZ,-4.91,35.78,72.74,64,8.34,32
436,Priyutnoye,RU,46.1,43.51,64.4,72,6.71,40
437,Apollonia,GR,40.64,23.49,69.8,64,6.93,40
438,Palmer,AU,-34.85,139.16,59.0,77,18.34,90
439,Pangnirtung,CA,66.15,-65.72,27.2,100,2.82,64
440,Peterborough,GB,52.57,-0.24,56.35,76,16.11,40
441,Port Hardy,CA,50.7,-127.42,51.8,87,13.87,75
442,Umm Lajj,SA,25.02,37.27,95.24,58,11.92,0
443,Chaman,AF,30.92,66.46,68.78,27,7.56,0
444,Zhanakorgan,KZ,43.91,67.25,61.13,48,12.66,48
445,Alakurtti,RU,66.96,30.34,38.18,85,8.9,92
446,Kagoro,NG,9.6,8.38,76.07,96,3.6,36
447,Bone,ID,-5.29,119.42,91.4,38,5.82,20
448,Naron,ES,43.52,-8.15,57.2,76,5.82,0
449,Gotsu,JP,35.01,132.22,69.8,73,5.82,75
450,Coahuayana,MX,18.62,-100.35,60.14,83,1.7,0
451,Qorveh,IR,35.17,47.8,72.02,49,4.32,0
452,Champerico,MX,16.38,-93.6,70.04,97,2.08,92
453,Shache,CN,38.42,77.24,71.39,20,10.42,0
454,San Patricio,PY,-26.98,-56.83,70.58,90,5.28,44
455,Iquique,CL,-20.22,-70.14,64.4,72,4.7,90
456,Mayumba,GA,-3.44,10.65,78.14,96,7.9,88
457,Clinton,US,41.84,-90.19,69.26,88,6.93,75
458,Minnedosa,CA,50.25,-99.84,33.8,96,8.05,90
459,Karpogory,RU,64.0,44.44,36.74,99,10.58,92
460,Krasnovishersk,RU,60.4,57.08,38.72,79,10.02,64
461,Mahebourg,MU,-20.41,57.7,78.8,69,18.34,75
462,Khanpur,PK,28.65,70.66,87.41,52,15.39,0
463,Pimentel,BR,-3.7,-45.5,75.08,86,4.21,24
464,Waipawa,NZ,-39.94,176.59,51.23,63,2.71,44
465,Derzhavinsk,KZ,51.1,66.31,62.21,39,16.91,0
466,Aykhal,RU,65.95,111.51,39.8,77,7.74,68
467,Sao Filipe,CV,14.9,-24.5,80.3,94,8.3,36
468,Valparaiso,US,41.47,-87.06,70.25,86,4.7,75
469,Richards Bay,ZA,-28.77,32.06,76.16,65,14.34,0
470,Faya,SA,18.39,42.45,76.14,15,8.05,0
471,Harper,US,30.3,-99.24,72.09,90,6.93,90
472,Pavlodar,KZ,52.28,76.96,64.4,39,20.13,0
473,Mill Valley,US,37.91,-122.55,57.94,93,3.83,1
474,Dubbo,AU,-32.25,148.6,68.0,34,6.93,92
475,Sinnamary,GF,5.38,-52.96,79.13,100,9.75,8
476,Nongan,CN,44.43,125.17,53.6,25,2.24,20
477,Pringsewu,ID,-5.36,104.98,89.57,42,4.61,64
478,Kirakira,SB,-10.46,161.92,83.09,100,9.86,76
479,Manakara,MG,-22.14,48.01,72.38,100,7.85,80
480,Puerto El Triunfo,SV,13.27,-88.55,77.0,94,6.93,75
481,Hasaki,JP,35.73,140.83,71.6,83,6.93,20
482,Badarpur,IN,24.87,92.56,88.4,70,1.07,0
483,Muzhi,RU,65.4,64.7,40.88,92,8.9,8
484,Leningradskiy,RU,69.38,178.42,34.58,98,5.55,92
485,Tucson,US,32.22,-110.93,52.39,79,6.93,1
486,Grindavik,IS,63.84,-22.43,35.6,93,8.05,75
487,Salalah,OM,17.01,54.1,91.4,49,11.41,0
488,Chegdomyn,RU,51.13,133.04,36.65,78,3.27,48
489,Lasa,CY,34.92,32.53,82.62,61,12.75,20
490,Highview,KE,-1.31,36.8,71.6,64,3.87,75
491,Comodoro Rivadavia,AR,-45.87,-67.48,44.6,52,17.22,0
492,Muroto,JP,33.37,134.14,75.2,69,4.7,20
493,Socorro,PH,13.06,121.41,80.12,90,3.09,88
494,Kisangani,CD,0.52,25.21,73.28,98,2.98,92
495,Riyadh,SA,24.63,46.72,96.8,8,5.82,0
496,Makakilo City,US,21.35,-158.09,76.1,79,4.7,1
497,Saquarema,BR,-22.93,-42.51,72.61,88,17.22,75
498,Mandalgovi,MN,45.76,106.27,46.55,55,14.27,0
499,Coreau,BR,-3.53,-40.66,73.91,74,9.35,0
500,Tabory,PL,53.89,19.53,53.75,76,10.76,8
501,Gashua,NG,12.87,11.04,89.12,53,8.08,0
502,Marystown,CA,47.17,-55.16,39.26,100,9.42,76
503,Ouesso,CG,1.61,16.05,81.47,79,3.09,24
504,Port Shepstone,ZA,-30.74,30.45,72.74,86,23.62,0
505,Alyangula,AU,-13.85,136.42,82.1,91,13.78,0
506,Skjervoy,NO,70.03,20.97,47.39,52,13.87,40
507,Kapit,MY,2.02,112.94,82.28,78,2.3,56
508,Haines Junction,CA,60.75,-137.51,10.91,88,1.81,0
509,Voskresenskoye,RU,56.84,45.43,43.58,75,3.6,0
510,San Lorenzo,PY,-25.34,-57.51,73.4,88,6.93,0
511,Constantine,DZ,36.36,6.61,69.8,68,4.7,40
512,Flinders,AU,-34.58,150.85,66.2,77,10.29,0
513,Yenagoa,NG,4.92,6.26,79.4,92,8.12,92
514,Hualmay,PE,-11.1,-77.61,51.77,100,3.71,32
515,Puerto Colombia,CO,10.99,-74.96,78.8,94,2.24,40
516,Cascavel,BR,-24.96,-53.44,66.17,94,7.63,24
517,Luderitz,NA,-26.65,15.16,62.48,100,6.22,24
518,Cairns,AU,-16.92,145.77,75.2,73,6.93,20
519,Zhob,PK,31.34,69.45,74.72,17,4.27,0
520,Ust-Kuyga,RU,70.0,135.55,21.8,72,10.13,0
521,Paciran,ID,-6.9,112.33,96.05,28,7.85,12
522,Stara Vyzhivka,UA,51.44,24.44,52.4,85,5.5,12
523,Mangrol,IN,25.33,76.51,95.87,34,6.11,0
524,Siavonga,ZW,-16.54,28.71,83.9,34,3.38,0
525,Omaruru,NA,-21.42,15.95,75.62,58,11.54,8
526,Ashtabula,US,41.87,-80.79,70.75,93,8.05,1
527,Karratha,AU,-20.74,116.85,99.83,15,11.65,0
528,Puerto Escondido,MX,15.86,-97.07,81.74,100,5.21,44
529,Anloga,GH,5.79,0.9,80.6,88,6.93,40
530,Saint-Maximin-la-Sainte-Baume,FR,43.45,5.86,73.85,60,11.41,40
531,Buenaventura,CO,3.89,-77.07,65.0,99,2.37,92
532,Qaqortoq,GL,60.72,-46.03,23.0,53,3.36,20
533,Kem,UG,2.68,33.77,82.64,84,4.21,8
534,Porto de Mos,PT,39.6,-8.82,68.0,42,8.05,0
535,Sorong,ID,-0.86,131.25,82.82,100,1.81,36
536,Serenje,ZM,-13.23,30.22,78.95,33,13.78,8
537,Boli,CN,45.76,130.56,42.86,49,4.32,0
538,San Andres del Rabanedo,ES,42.61,-5.62,51.8,71,5.82,20
539,Isla Vista,US,34.41,-119.86,59.85,84,2.08,90
540,Solone,UA,48.2,34.88,67.17,52,6.71,0
541,Bonthe,SL,7.53,-12.5,79.85,91,4.99,92
542,Saiha,IN,22.49,92.98,72.2,90,1.59,92
543,Tomatlan,MX,19.93,-105.25,70.58,89,3.27,12
544,Pirenopolis,BR,-15.85,-48.96,68.0,72,4.7,75
545,Solano,PH,16.52,121.18,72.56,92,2.08,64
546,Areka,ET,7.07,37.71,77.69,39,3.76,8
547,Cesvaine,LV,56.97,26.31,51.68,74,11.54,24
548,Marawi,PH,8.0,124.29,76.16,86,2.3,56
549,Oruro,BO,-17.97,-67.11,34.4,99,7.56,20
550,Nantucket,US,41.28,-70.1,61.38,89,10.29,90
551,Papayal,EC,-2.43,-79.18,51.8,106,2.24,20
552,Samsun,TR,41.29,36.33,68.0,68,8.05,75
553,Toamasina,MG,-18.17,49.38,82.4,65,9.17,75
